INSERT INTO  LIVRO ( LIV_ID, LIV_TITULO, LIV_QUANTIDADE, LIV_QUANTIDADEPAGINAS ) VALUES ( 1,' Use a cabeça Java', 2, 300 );
INSERT INTO  LIVRO ( LIV_ID, LIV_TITULO, LIV_QUANTIDADE, LIV_QUANTIDADEPAGINAS ) VALUES ( 2,' Java como programar', 2, 500 );
INSERT INTO  LIVRO ( LIV_ID, LIV_TITULO, LIV_QUANTIDADE, LIV_QUANTIDADEPAGINAS ) VALUES ( 3,' Spring boot', 3, 200 );

INSERT INTO  AUTOR ( AUT_ID, AUT_NOME ) VALUES ( 1, 'Pressman');
INSERT INTO  AUTOR ( AUT_ID, AUT_NOME) VALUES ( 2, 'Deitel Pearson');
INSERT INTO  AUTOR ( AUT_ID, AUT_NOME) VALUES ( 3,'Tanenbaum');

INSERT INTO  USUARIO ( USU_ID, USU_USUARIO, USU_EMAIL, USU_SENHA ) VALUES ( 1, 'Marcelo', 'marcelofscarpim@gmail.com', '123');
INSERT INTO  USUARIO ( USU_ID, USU_USUARIO, USU_EMAIL, USU_SENHA) VALUES ( 2, 'Cubas', 'cubas@fib.com.br', '123');

INSERT INTO  REVIEW ( REV_ID, REV_AVALIACAO, REV_COMENTARIO, ID_USUARIO, ID_LIVRO) VALUES ( 1, '9', 'Livro bom', 1, 1);
INSERT INTO  REVIEW ( REV_ID, REV_AVALIACAO, REV_COMENTARIO, ID_USUARIO, ID_LIVRO) VALUES ( 2, '8', 'Livro mais ou menos', 1, 2);
INSERT INTO  REVIEW ( REV_ID, REV_AVALIACAO, REV_COMENTARIO, ID_USUARIO, ID_LIVRO) VALUES ( 3, '10','Livro topper!', 2, 3);

INSERT INTO  EMPRESTIMO ( EMP_ID, EMP_DATAEMPRESTIMO, EMP_DATADEVOLUCAO, ID_LIVRO, ID_USUARIO) VALUES ( 1, '2018-04-01', '2018-04-02', 1, 1);
INSERT INTO  EMPRESTIMO ( EMP_ID, EMP_DATAEMPRESTIMO, EMP_DATADEVOLUCAO, ID_LIVRO, ID_USUARIO) VALUES ( 2, '2018-04-01', '2018-04-02', 2, 1);
INSERT INTO  EMPRESTIMO ( EMP_ID, EMP_DATAEMPRESTIMO, EMP_DATADEVOLUCAO, ID_LIVRO, ID_USUARIO) VALUES ( 3, '2018-04-01', '2018-04-02', 3, 2);
